{
  "list": [
    {
      "name": "Default",
      "page": [
        {
          "settings": {
            "props": {
              "reviews": false,
              "add_to_compare": false,
              "product_request": false,
              "store_selection": true,
              "compare_products": false,
              "variants": true,
              "ratings": false,
              "similar_products": true,
              "bulk_prices": false
            }
          },
          "page": "product-description"
        },
        {
          "settings": {
            "props": {
              "show_info_message": true,
              "gst": false,
              "staff_selection": true,
              "enable_customer": false,
              "enable_guest": false
            }
          },
          "page": "cart-landing"
        }
      ],
      "global_config": {
        "static": {
          "props": {
            "colors": {
              "primary_color": "#7043f7",
              "secondary_color": "#02d1cb",
              "accent_color": "#FFFFFF",
              "link_color": "#7043f7",
              "button_secondary_color": "#000000",
              "bg_color": "#F8F8F8"
            },
            "auth": {
              "show_header_auth": false,
              "show_footer_auth": false
            },
            "palette": {
              "general_setting": {
                "theme": {
                  "page_background": "#F8F8F8",
                  "theme_accent": "#FFFFFF"
                },
                "text": {
                  "text_heading": "#261A1A",
                  "text_body": "#3C3131",
                  "text_label": "#7D7676",
                  "text_disabled": "#9C9C9C"
                },
                "button": {
                  "button_primary": "#7043f7",
                  "button_secondary": "#000000",
                  "button_link": "#7043f7"
                },
                "sale_discount": {
                  "sale_badge_background": "#FFFFFF",
                  "sale_badge_text": "#1C958F",
                  "sale_discount_text": "#1C958F",
                  "sale_timer": "#994449"
                },
                "header": {
                  "header_backgound": "#F3F3ED",
                  "header_text": "#FFFFFF",
                  "header_nav": "#261A1A",
                  "header_icon": "#261A1A"
                },
                "footer": {
                  "footer_background": "#2C231E",
                  "footer_bottom_background": "#231812",
                  "footer_text": "#FFFFFF",
                  "footer_link_body": "#FFFFFF",
                  "footer_icon": "#FFFFFF"
                }
              },
              "advance_setting": {
                "overlay_popup": {
                  "dialog_backgroung": "#FFFFFF",
                  "overlay": "#14130E"
                },
                "divider_stroke_highlight": {
                  "divider_strokes": "#D4D1D1",
                  "highlight": "#EDECE9"
                },
                "user_alerts": {
                  "success_background": "#C2DBC9",
                  "success_text": "#1C958F",
                  "error_background": "#E6D5D5",
                  "error_text": "#B24141",
                  "info_background": "#EBD3BC",
                  "info_text": "#D28F51"
                }
              }
            }
          }
        },
        "custom": {
          "props": {
            "header_icon_color": "#000000",
            "button_primary_color": "#000000",
            "button_primary_label_color": "#ffffff",
            "header_text_color": "#585050",
            "button_secondary_color": "#f50000"
          }
        }
      }
    },
    {
      "name": "Dark",
      "page": [
        {
          "settings": {
            "props": {
              "reviews": false,
              "add_to_compare": false,
              "product_request": false,
              "store_selection": true,
              "compare_products": false,
              "variants": true,
              "ratings": false,
              "similar_products": true,
              "bulk_prices": false
            }
          },
          "page": "product-description"
        },
        {
          "settings": {
            "props": {
              "show_info_message": true,
              "gst": false,
              "staff_selection": false,
              "enable_customer": false,
              "enable_guest": false
            }
          },
          "page": "cart-landing"
        }
      ]
    },
    {
      "name": "Blue",
      "page": [
        {
          "settings": {
            "props": {
              "reviews": false,
              "add_to_compare": false,
              "product_request": false,
              "store_selection": true,
              "compare_products": false,
              "variants": true,
              "ratings": false,
              "similar_products": true,
              "bulk_prices": false
            }
          },
          "page": "product-description"
        },
        {
          "settings": {
            "props": {
              "show_info_message": true,
              "gst": false,
              "staff_selection": false,
              "enable_customer": false,
              "enable_guest": false
            }
          },
          "page": "cart-landing"
        }
      ]
    }
  ],
  "current": "Default",
  "preset": {
    "pages": [
      {
        "sections": [
          {
            "blocks": [],
            "predicate": {
              "screen": {
                "mobile": true,
                "desktop": true,
                "tablet": true
              },
              "user": {
                "authenticated": true,
                "anonymous": true
              },
              "route": {
                "selected": "none",
                "exact_url": ""
              }
            },
            "name": "hero_image",
            "props": {
              "image": {
                "value": "",
                "type": "image_picker"
              },
              "overlay_layout": {
                "type": "select",
                "value": "center"
              },
              "overlay_image": {
                "value": "",
                "type": "image_picker"
              },
              "overlay_text": {
                "value": "",
                "type": "text"
              },
              "text_color": {
                "value": "#000",
                "type": "color"
              },
              "button_link": {
                "type": "url",
                "value": ""
              },
              "button_text": {
                "value": "Shop Now",
                "type": "text"
              },
              "full_width": {
                "value": true,
                "type": "checkbox"
              }
            }
          },
          {
            "blocks": [],
            "predicate": {
              "screen": {
                "mobile": true,
                "desktop": true,
                "tablet": true
              },
              "user": {
                "authenticated": true,
                "anonymous": true
              },
              "route": {
                "selected": "none",
                "exact_url": ""
              }
            },
            "name": "image_slideshow",
            "props": {
              "autoplay": {
                "value": false,
                "type": "checkbox"
              },
              "full_width": {
                "value": false,
                "type": "checkbox"
              },
              "slide_height": {
                "value": "adapt",
                "type": "select"
              },
              "slide_interval": {
                "value": 2,
                "type": "range"
              },
              "title": {
                "value": "Trending",
                "type": "text"
              }
            },
            "preset": {
              "blocks": [
                {
                  "name": "Slide"
                },
                {
                  "name": "Slide"
                },
                {
                  "name": "Slide"
                }
              ]
            }
          },
          {
            "blocks": [
              {
                "type": "gallery_image",
                "name": "Image",
                "props": {
                  "image": {
                    "type": "image_picker",
                    "value": ""
                  },
                  "caption": {
                    "type": "text",
                    "value": ""
                  },
                  "link": {
                    "type": "url",
                    "value": ""
                  }
                }
              },
              {
                "type": "gallery_image",
                "name": "Image",
                "props": {
                  "image": {
                    "type": "image_picker",
                    "value": ""
                  },
                  "caption": {
                    "type": "text",
                    "value": ""
                  },
                  "link": {
                    "type": "url",
                    "value": ""
                  }
                }
              },
              {
                "type": "gallery_image",
                "name": "Image",
                "props": {
                  "image": {
                    "type": "image_picker",
                    "value": ""
                  },
                  "caption": {
                    "type": "text",
                    "value": ""
                  },
                  "link": {
                    "type": "url",
                    "value": ""
                  }
                }
              },
              {
                "type": "gallery_image",
                "name": "Image",
                "props": {
                  "image": {
                    "type": "image_picker",
                    "value": ""
                  },
                  "caption": {
                    "type": "text",
                    "value": ""
                  },
                  "link": {
                    "type": "url",
                    "value": ""
                  }
                }
              }
            ],
            "predicate": {
              "screen": {
                "mobile": true,
                "desktop": true,
                "tablet": true
              },
              "user": {
                "authenticated": true,
                "anonymous": true
              },
              "route": {
                "selected": "none",
                "exact_url": ""
              }
            },
            "name": "image_gallery",
            "props": {
              "title": {
                "type": "text",
                "value": "Popular Brands"
              },
              "layout": {
                "value": "grid",
                "type": "select"
              },
              "item_count": {
                "value": 4,
                "type": "range"
              },
              "cta_text": {
                "value": "",
                "type": "text"
              },
              "cta_link": {
                "type": "url",
                "value": ""
              },
              "full_width": {
                "value": false,
                "type": "checkbox"
              }
            },
            "preset": {
              "blocks": [
                {
                  "name": "Image"
                },
                {
                  "name": "Image"
                },
                {
                  "name": "Image"
                },
                {
                  "name": "Image"
                }
              ]
            }
          },
          {
            "blocks": [],
            "predicate": {
              "screen": {
                "mobile": true,
                "desktop": true,
                "tablet": true
              },
              "user": {
                "authenticated": true,
                "anonymous": true
              },
              "route": {
                "selected": "none",
                "exact_url": ""
              }
            },
            "name": "brands_listing",
            "props": {
              "brand_type": {
                "value": "all",
                "type": "radio"
              },
              "cta_text": {
                "value": "View all",
                "type": "text"
              },
              "department": {
                "type": "department"
              },
              "header": {
                "type": "header"
              },
              "items_per_row": {
                "value": 5,
                "type": "range"
              },
              "layout": {
                "value": "horizontal",
                "type": "select"
              },
              "title": {
                "type": "text",
                "value": "Brands"
              },
              "view_options": {
                "value": "fullview",
                "type": "select"
              }
            }
          },
          {
            "blocks": [
              {
                "type": "testimonial",
                "name": "Testimonial",
                "props": {
                  "testimonialText": {
                    "type": "textarea",
                    "value": ""
                  },
                  "author_name": {
                    "type": "text"
                  },
                  "author_description": {
                    "type": "text",
                    "value": ""
                  },
                  "author_image": {
                    "type": "image_picker",
                    "value": ""
                  }
                }
              },
              {
                "type": "testimonial",
                "name": "Testimonial",
                "props": {
                  "testimonialText": {
                    "type": "textarea",
                    "value": ""
                  },
                  "author_name": {
                    "type": "text"
                  },
                  "author_description": {
                    "type": "text",
                    "value": ""
                  },
                  "author_image": {
                    "type": "image_picker",
                    "value": ""
                  }
                }
              },
              {
                "type": "testimonial",
                "name": "Testimonial",
                "props": {
                  "testimonialText": {
                    "type": "textarea",
                    "value": ""
                  },
                  "author_name": {
                    "type": "text"
                  },
                  "author_description": {
                    "type": "text",
                    "value": ""
                  },
                  "author_image": {
                    "type": "image_picker",
                    "value": ""
                  }
                }
              }
            ],
            "predicate": {
              "screen": {
                "mobile": true,
                "desktop": true,
                "tablet": true
              },
              "user": {
                "authenticated": true,
                "anonymous": true
              },
              "route": {
                "selected": "none",
                "exact_url": ""
              }
            },
            "name": "testimonials",
            "props": {
              "autoplay": {
                "value": false,
                "type": "checkbox"
              },
              "slide_interval": {
                "value": 2,
                "type": "range"
              }
            },
            "preset": {
              "blocks": [
                {
                  "name": "Testimonial"
                },
                {
                  "name": "Testimonial"
                },
                {
                  "name": "Testimonial"
                }
              ]
            }
          }
        ],
        "value": "home"
      }
    ]
  },
  "information": {
    "features": [
      "Responsive"
    ]
  }
}
